,Nitrogen_Production,Ammonia_Synthesis_50
Electricity,0.4095855691698619,3.5372993711795164
Hydrogen,0.0,59.08087205955823
Heat,0.0,0.0
Biomass,0.0,0.0
