,Nitrogen_Production,Ammonia_Synthesis_50
Electricity,0.39203637782948986,3.3857394819509405
Hydrogen,0.0,56.549480315384635
Heat,0.0,0.0
Biomass,0.0,0.0
